-- BASE DE DATOS
USE BDAUTOS;
GO


-- ROLES

INSERT INTO dbo.ROL(idrol, NOMBRE) VALUES(1,'Administrador');
INSERT INTO dbo.ROL(idrol, NOMBRE) VALUES(2,'Vendedor');
INSERT INTO dbo.ROL(idrol, NOMBRE) VALUES(3,'Operador');
INSERT INTO dbo.ROL(idrol, NOMBRE) VALUES(4,'Cajero');
GO

-- EMPLEADOS

INSERT INTO dbo.EMPLEADO(IDEMPLEADO,NOMBRE,APELLIDO,DNI,TELEFONO,CORREO,IDROL,USUARIO,CLAVE)
VALUES(1,'EDUARDO','ANDRADE','65782345','909078654','eandrade@gmail.com',4,'eandrade','123456');
GO

INSERT INTO dbo.EMPLEADO(IDEMPLEADO,NOMBRE,APELLIDO,DNI,TELEFONO,CORREO,IDROL,USUARIO,CLAVE)
VALUES(2,'Armando','Cueva','87654321','987654321','armcue@gmail.com',3,'armcue','123456');
GO

INSERT INTO dbo.EMPLEADO(IDEMPLEADO,NOMBRE,APELLIDO,DNI,TELEFONO,CORREO,IDROL,USUARIO,CLAVE)
VALUES(3,'ALEXIS','PALOMINO','76311022','927778653','palomino@gmail.com',1,'apalomino','123456');
GO

INSERT INTO dbo.EMPLEADO(IDEMPLEADO,NOMBRE,APELLIDO,DNI,TELEFONO,CORREO,IDROL,USUARIO,CLAVE)
VALUES(4,'NILSON','MIRANDA','65786541','909071234','nmiranda@gmail.com',2,'nmiranda','123456');
GO

INSERT INTO dbo.EMPLEADO(IDEMPLEADO,NOMBRE,APELLIDO,DNI,TELEFONO,CORREO,IDROL,USUARIO,CLAVE)
VALUES(5,'MIRIAM','CASAS','71034861','924058535','mcasas@gmail.com',4,'mcasas','123456');
GO

INSERT INTO dbo.EMPLEADO(IDEMPLEADO,NOMBRE,APELLIDO,DNI,TELEFONO,CORREO,IDROL,USUARIO,CLAVE)
VALUES(6,'JUAN','SALAZAR','87654321','95478378','jsalazar@gmail.com',4,'jsalazar','123456');
GO

INSERT INTO dbo.EMPLEADO(IDEMPLEADO,NOMBRE,APELLIDO,DNI,TELEFONO,CORREO,IDROL,USUARIO,CLAVE)
VALUES(7,'JUAN','PEREZ','70152498','947851260','jperez@gmail.com',2,'jperez','123456');
GO

INSERT INTO dbo.EMPLEADO(IDEMPLEADO,NOMBRE,APELLIDO,DNI,TELEFONO,CORREO,IDROL,USUARIO,CLAVE)
VALUES(8,'LUCIA','RUIZ','75325322','923338653','ruiz@gmail.com',3,'lruiz','123456');
GO

INSERT INTO dbo.EMPLEADO(IDEMPLEADO,NOMBRE,APELLIDO,DNI,TELEFONO,CORREO,IDROL,USUARIO,CLAVE)
VALUES(9,'FELIX','RUIZ','61833752','926584922','fruiz@gmail.com',4,'fruiz','123456');
GO


-- TIPOREVISION

INSERT INTO TIPOREVISION(IDTIPOREVISION,NOMBRE,PRECIO) VALUES(1,'CAMBIO DE ACEITE', 250.0);
INSERT INTO TIPOREVISION(IDTIPOREVISION,NOMBRE,PRECIO) VALUES(2,'CAMBIO DE suspension y ejes', 400.0);
INSERT INTO TIPOREVISION(IDTIPOREVISION,NOMBRE,PRECIO) VALUES(3,'cambio de frenos', 200.0);
GO


-- CLIENTES

SET IDENTITY_INSERT dbo.CLIENTE ON;
GO


INSERT INTO dbo.CLIENTE(IDCLIENTE, NOMBRE, APELLIDO, DNI, TELEFONO, CORREO)
VALUES(1,'JERAD', 'MIRANDA', '43567892', '989423456', 'JMIRANDA@GMAIL.COM');
GO

INSERT INTO dbo.CLIENTE(IDCLIENTE, NOMBRE, APELLIDO, DNI, TELEFONO, CORREO)
VALUES(2,'MANUEL', 'CHAVEZ', '01574293', '943105796', 'MCHAVEZ@GMAIL.COM');
GO

INSERT INTO dbo.CLIENTE(IDCLIENTE, NOMBRE, APELLIDO, DNI, TELEFONO, CORREO)
VALUES(3,'MARLENE', 'RAMOS', '74839564', '987654321', 'MARLIN@GMAIL.COM');
GO

INSERT INTO dbo.CLIENTE(IDCLIENTE, NOMBRE, APELLIDO, DNI, TELEFONO, CORREO)
VALUES(4,'SARAY', 'MIRANDA', '41831642', '965412356', 'SMIRANDA@GMAIL.COM');
GO

INSERT INTO dbo.CLIENTE(IDCLIENTE, NOMBRE, APELLIDO, DNI, TELEFONO, CORREO)
VALUES(5,'MARIA', 'MEZA', '74557892', '977723652', 'MMEZA@GMAIL.COM');
GO


INSERT INTO dbo.CLIENTE(IDCLIENTE, NOMBRE, APELLIDO, DNI, TELEFONO, CORREO)
values(6,'ANGELA', 'GAMARRA', '58567892', '999423456', 'AGAMARRA@gmail.com');
go

SET IDENTITY_INSERT dbo.CLIENTE OFF;
GO

SELECT * FROM CLIENTE;
GO


-- MARCAS

INSERT INTO dbo.MARCA(IDMARCA,NOMBRE) VALUES(1,'TOYOTA');
INSERT INTO dbo.MARCA(IDMARCA,NOMBRE) VALUES(2,'NISSAN');
INSERT INTO dbo.MARCA(IDMARCA,NOMBRE) VALUES(3,'HYUNDAI');
INSERT INTO dbo.MARCA(IDMARCA,NOMBRE) VALUES(4,'FORD');
INSERT INTO dbo.MARCA(IDMARCA,NOMBRE) VALUES(5,'CHEVROLET');
GO

SELECT * FROM dbo.MARCA;
GO

-- Autos

SET IDENTITY_INSERT dbo.AUTO ON;
GO

INSERT INTO dbo.AUTO(IDAUTO,MATRICULA,IDMARCA,MODELO,PRECIO,COLOR,VENDIDO)
VALUES(1,'ABC-234',2,'DEPORTIVO',60000.0,'AZUL',0);
GO

INSERT INTO dbo.AUTO(IDAUTO,MATRICULA,IDMARCA,MODELO,PRECIO,COLOR,VENDIDO)
VALUES(2,'EFG-852',2,'CAMIONETA',50000.0,'ROJO',0)
GO

INSERT INTO dbo.AUTO(IDAUTO,MATRICULA,IDMARCA,MODELO,PRECIO,COLOR,VENDIDO)
VALUES(3,'GFR-987',3,'DEPORTIVO',58000.0,'VERDE',0)
GO

INSERT dbo.AUTO(IDAUTO,MATRICULA,IDMARCA,MODELO,PRECIO,COLOR,VENDIDO)
VALUES(4,'GHR-965',4,'DEPORTIVO',49000.0,'ROJO',0)
GO

INSERT INTO dbo.AUTO(IDAUTO,MATRICULA,IDMARCA,MODELO,PRECIO,COLOR,VENDIDO)
VALUES(5,'GMN-832',5,'DEPORTIVO',52000.0,'AZUL',0)
GO

INSERT INTO dbo.AUTO(IDAUTO,MATRICULA,IDMARCA,MODELO,PRECIO,COLOR,VENDIDO)
VALUES(6,'F5U-597',1,'TODO TERRENO',39160.0,'ROJO',0);
GO

INSERT INTO dbo.AUTO(IDAUTO,MATRICULA,IDMARCA,MODELO,PRECIO,COLOR,VENDIDO)
VALUES(7,'FGV-315',3,'DESCAPOTABLE',57000.0,'ROJO',0);
GO

SET IDENTITY_INSERT dbo.AUTO OFF;
GO

SELECT * FROM dbo.AUTO;
GO



